juez;muestra;agrado
C01;Azucar_bajo;4
C01;Azucar_medio;6
C01;Azucar_alto;7
C02;Azucar_bajo;siete
C02;Azucar_medio;7
C02;Azucar_alto;7
C03;Azucar_bajo;3
C03;Azucar_medio;7
C03;Azucar_alto;7
C04;Azucar_bajo;7
C04;Azucar_medio;77
C04;Azucar_alto;7
C05;Azucar_bajo;9
C05;Azucar_medio;9
C05;Azucar_alto;9
C06;Azucar_bajo;6
C06;Azucar_medio;6
C06;Azucar_alto;8
C07;Azucar_bajo;5
C07;Azucar_medio;7
C07;Azucar_alto;
C08;Azucar_bajo;6
C08;Azucar_medio;9
C08;Azucar_alto;7
C09;Azucar_bajo;4
C09;Azucar_medio;6
C09;Azucar_alto;6
C10;Azucar_bajo;4
C10;Azucar_medio;6
C10;Azucar_alto;9
C11;Azucar_bajo;5
C11;azucar_medio ;8
C11;Azucar_alto;6
C12;Azucar_bajo;6
C12;Azucar_medio;5
C12;Azucar_alto;7
C13;Azucar_bajo;8
C13;Azucar_medio;6
C13;Azucar_alto;8
C14;Azucar_bajo;6
C14;Azucar_medio;7
C14;Azucar_alto;7
C15;Azucar_bajo;7
C15;Azucar_medio;7
C15;Azucar_alto;9
C16;Azucar_medio;7
C16;Azucar_alto;7
C17;Azucar_bajo;6
C17;Azucar_medio;5
C17;Azucar_alto;6
C18;Azucar_bajo;6
C18;Azucar_medio;6
C18;Azucar_alto;8
C19;Azucar_bajo;6
C19;Azucar_medio;5
C19;Azucar_alto;5
C20;Azucar_bajo;3
C20;Azucar_medio;6
C20;Azucar_alto;9
C21;Azucar_bajo;5
C21;Azucar_medio;7
C21;Azucar_alto;6
C22;Azucar_bajo;5
C22;Azucar_medio;5
C22;Azucar_alto;8
C23;Azucar_bajo;6
C23;Azucar_medio;6
C23;Azucar_alto;9
C24;Azucar_bajo;6
C24;Azucar_medio;7
C24;Azucar_alto;8
C25;Azucar_bajo;7
C25;Azucar_medio;9
C25;Azucar_alto;7
C26;Azucar_bajo;4
C26;Azucar_medio;8
C26;Azucar_alto;8
C27;Azucar_bajo;5
C27;Azucar_medio;8
C27;Azucar_alto;6
C28;Azucar_bajo;7
C28;Azucar_medio;9
C28;Azucar_alto;9
C29;Azucar_bajo;6
C29;Azucar_medio;6
C29;Azucar_alto;6
C30;Azucar_bajo;7
C30;Azucar_medio;8
C30;Azucar_alto;9
C31;Azucar_bajo;5
C31;Azucar_medio;8
C31;Azucar_alto;6
C32;Azucar_bajo;5
C32;Azucar_medio;6
C32;Azucar_alto;7
C33;Azucar_bajo;7
C33;Azucar_medio;6
C33;Azucar_alto;7
C34;Azucar_bajo;9
C34;Azucar_medio;9
C34;Azucar_alto;9
C35;Azucar_bajo;4
C35;Azucar_medio;4
C35;Azucar_alto;8
C36;Azucar_bajo;5
C36;Azucar_medio;8
C36;Azucar_alto;8
C02;Azucar_alto;7
