panelista,muestra,dulzor,dureza,crujencia,aroma_tostado,color
P1,DNP,5.8,7.6,10.2,7.4,6.9
P1,Comercial_1,7.8,6.2,6.4,2.3,6.0
P1,Comercial_2,9.5,9.0,9.2,6.9,7.9
P1,Comercial_3,9.3,2.7,5.8,0.6,6.7
P2,DNP,4.4,8.2,10.7,7.3,5.7
P2,Comercial_1,8.2,9.7,7.7,1.8,7.5
P2,Comercial_2,11.7,7.3,10.6,7.4,8.3
P2,Comercial_3,12.4,5.5,5.9,2.8,7.4
P3,DNP,4.7,9.9,11.2,9.4,7.9
P3,Comercial_1,10.2,7.1,7.8,3.8,7.6
P3,Comercial_2,10.0,8.4,7.8,8.4,7.2
P3,Comercial_3,11.2,7.6,8.7,3.4,7.9
P4,DNP,6.2,10.4,9.7,9.9,8.4
P4,Comercial_1,8.1,7.1,5.3,4.0,7.9
P4,Comercial_2,8.8,9.7,9.6,6.7,5.5
P4,Comercial_3,11.0,4.3,9.1,2.8,7.5
P5,DNP,7.5,9.0,12.5,10.6,8.5
P5,Comercial_1,10.3,7.9,7.1,5.1,9.1
P5,Comercial_2,9.5,9.4,11.9,8.1,8.1
P5,Comercial_3,14.4,6.9,8.2,3.8,8.6
P6,DNP,7.5,10.4,11.6,9.8,7.5
P6,Comercial_1,9.4,7.0,6.9,5.8,8.7
P6,Comercial_2,8.3,7.6,10.5,4.1,8.6
P6,Comercial_3,12.9,7.4,6.9,2.9,9.5
P7,DNP,5.8,8.4,9.0,8.5,8.5
P7,Comercial_1,8.0,5.9,5.1,5.2,7.6
P7,Comercial_2,8.3,8.7,7.3,5.6,7.0
P7,Comercial_3,10.8,2.3,6.6,3.1,8.5
P8,DNP,7.0,11.7,12.5,10.4,9.1
P8,Comercial_1,10.7,9.6,8.2,8.5,10.1
P8,Comercial_2,11.1,6.5,11.2,7.1,9.7
P8,Comercial_3,14.4,8.6,8.0,5.1,9.8
P9,DNP,4.2,8.1,10.4,7.2,7.6
P9,Comercial_1,7.5,6.8,9.4,5.6,8.2
P9,Comercial_2,9.6,6.3,7.8,4.7,6.8
P9,Comercial_3,12.5,3.9,6.3,1.2,5.4
P10,DNP,5.7,9.7,13.9,9.6,8.5
P10,Comercial_1,9.2,8.0,7.7,5.6,10.1
P10,Comercial_2,9.6,5.7,9.7,8.4,9.7
P10,Comercial_3,13.0,8.2,6.3,6.0,8.9
