juez,muestra_presentada,respuesta
1,A,A
2,A,no A
3,A,A
4,A,A
5,A,A
6,A,A
7,A,no A
8,A,no A
9,A,A
10,A,A
11,A,A
12,A,no A
13,A,A
14,A,A
15,A,A
16,A,A
17,A,A
18,A,A
19,A,A
20,A,A
21,A,no A
22,A,A
23,A,A
24,A,A
25,A,A
26,no A,A
27,no A,no A
28,no A,no A
29,no A,no A
30,no A,A
31,no A,A
32,no A,no A
33,no A,A
34,no A,A
35,no A,no A
36,no A,no A
37,no A,A
38,no A,A
39,no A,no A
40,no A,no A
41,no A,no A
42,no A,no A
43,no A,A
44,no A,A
45,no A,no A
46,no A,no A
47,no A,A
48,no A,no A
49,no A,no A
50,no A,no A
